doc_id,Gender,judgement
10452,0,2.113549832786168
10453,0,2.113219872125435
1,1,1.945961462871526
10457,0,2.1090390570518647
3,1,1.9329250337805672
6,1,1.9244544194445512
10461,0,2.092593726491784
8,1,1.9166995858399425
9,1,1.9163148596216704
10460,0,2.0925929061024826
17443,1,1.915333833353248
10464,0,2.090612850070076
17444,1,1.9033864071568405
11,1,1.8976682230942248
10465,0,2.08852189560709
17446,1,1.8889431203652036
97,1,1.871535032097933
19268,0,2.057219946270489
22,1,1.8657113296881291
10475,0,2.055080023891237
17447,1,1.8606807700025216
24,1,1.858118878514432
19269,0,2.050686306362289
25,1,1.8566166526119328
110,1,1.8565900407382072
19272,0,2.0456215667963837
26,1,1.8556987837800136
10480,0,2.043823916667939
27,1,1.85351844665666
17448,1,1.844751957974928
10484,0,2.0396973202257063
17450,1,1.8356516857996756
34,1,1.8343396855950915
10495,0,2.0066227294451604
36,1,1.8327808556662288
10497,0,2.002643562778041
47,1,1.817856424915714
50,1,1.815178885283428
19274,0,2.0004383347191035
63,1,1.8102118985018665
69,1,1.8085618345894543
10500,0,1.9999311011205632
60,1,1.8082138148813305
19276,0,1.9918869821223
81,1,1.8003846495696385
85,1,1.7978735943147726
10510,0,1.9876093589086092
90,1,1.7959670849791107
87,1,1.7953604675218957
10515,0,1.9813381362982547
92,1,1.7934916148424305
10517,0,1.9808443944318457
104,1,1.7810786701061891
108,1,1.7788963558226083
10522,0,1.9779667842531896
17516,1,1.7722327400377835
118,1,1.7720401573622957
10545,0,1.9593915381769464
17462,1,1.767922825165264
10554,0,1.9563134492171212
124,1,1.767674941475018
330,1,1.767668097360761
10555,0,1.954681575204098
324,1,1.7675576700835045
127,1,1.7620472090629862
10560,0,1.9530491671192287
133,1,1.7608188463271424
10558,0,1.9528460037712208
107,1,1.7566553311009825
312,1,1.7504885120429288
10562,0,1.9523152150933387
144,1,1.7501107310608517
147,1,1.7482587452788891
10566,0,1.9523151964884329
414,1,1.7468966338839236
19283,0,1.951071018865402
150,1,1.7452516660750257
155,1,1.744994843876237
10568,0,1.9508863067381008
156,1,1.7428503210205526
131,1,1.7409262209663705
10584,0,1.943954100413138
170,1,1.7396981698970426
10586,0,1.942248966020826
17481,1,1.7380009733581006
17483,1,1.7345127638622173
10591,0,1.940856956851006
174,1,1.7343073256933703
176,1,1.733464263641559
19287,0,1.9353070504366248
190,1,1.7324180864750591
10607,0,1.9312678247512387
179,1,1.732033535422402
189,1,1.7313542270367064
10610,0,1.9301318803094285
192,1,1.7313000398646303
17486,1,1.7310601620091275
10620,0,1.926574486672053
17484,1,1.7232920952262996
19290,0,1.925966822960086
212,1,1.720152441757183
17489,1,1.7190800476367971
10625,0,1.9233658534395237
169,1,1.7141940287831026
235,1,1.7129092703749729
10629,0,1.9202670061802647
17490,1,1.7126083069466072
19293,0,1.918901331980864
17496,1,1.711920161203315
184,1,1.7118458438865278
10633,0,1.91632481055174
258,1,1.7089328383388585
241,1,1.7077960066695217
10657,0,1.9094143748551828
17504,1,1.7071668746220363
10652,0,1.9089914765137748
250,1,1.7060881287115504
269,1,1.7010099071177862
10664,0,1.905728561731385
214,1,1.7008083591993222
579,1,1.6999602325032586
10509,0,1.9052385801122484
200,1,1.6998557710473856
19296,0,1.900794730536201
272,1,1.6988662361106646
17512,1,1.698578233209921
10681,0,1.900428534341808
289,1,1.6979493263594485
17507,1,1.697739677419715
10687,0,1.898722642478717
288,1,1.696867169789568
10677,0,1.89683507659352
17510,1,1.6959377493237615
319,1,1.6930188748421224
10713,0,1.8904184810608584
318,1,1.6920096018759925
320,1,1.6910744854513304
19303,0,1.8884183475854093
261,1,1.6865809595002694
10721,0,1.8880716595600848
332,1,1.6855191154255589
331,1,1.6853534828967025
10733,0,1.8859997596994056
233,1,1.685206491086449
247,1,1.684931941206941
10734,0,1.8846983618140551
248,1,1.6848936028528438
10750,0,1.882902342674173
345,1,1.6824579562817592
17521,1,1.6809785989704824
10758,0,1.8782808661995125
17524,1,1.6791808003605957
290,1,1.6776532379548152
10688,0,1.8756586097822043
380,1,1.6756188667227874
19280,0,1.8740283295691853
376,1,1.674683413916502
291,1,1.6732522943382488
10784,0,1.872614799353085
303,1,1.671585439301213
17538,1,1.6709951508390188
10778,0,1.87036002830546
385,1,1.670886670902863
19302,0,1.8698468474755412
17541,1,1.667966116170882
314,1,1.6678798898772076
10805,0,1.8690945154457053
401,1,1.667073168223861
412,1,1.6667632212461376
10788,0,1.8679762229117365
406,1,1.6664506300954909
10812,0,1.86777567227739
410,1,1.6658825339973913
739,1,1.6649948622137842
10803,0,1.8671508206071692
311,1,1.6630575314015288
434,1,1.6591164756682244
10834,0,1.862494668030858
466,1,1.6556874168097395
10840,0,1.8619824184883436
377,1,1.6552297244706855
451,1,1.6549722233984487
10830,0,1.861743081966435
347,1,1.6532671501954574
369,1,1.6510490531034685
10814,0,1.8617059997759984
384,1,1.6461901228893416
10828,0,1.8595970127099315
1007,1,1.6435426551022745
402,1,1.6402871363752942
10852,0,1.8587550169709628
440,1,1.6400677238139116
1037,1,1.6398579672901397
10850,0,1.857727783254928
453,1,1.6380321261482818
10856,0,1.855563461180513
436,1,1.6378849973758292
1059,1,1.636320247034449
10782,0,1.85270503363171
433,1,1.636234731853493
599,1,1.634603249199566
10881,0,1.851291519355534
204,1,1.6334659076411853
10879,0,1.8493845978653705
458,1,1.6328074170860498
408,1,1.6325856213201408
10876,0,1.848176482976972
411,1,1.6321461924628533
488,1,1.6308263025802043
10885,0,1.8474798955392728
467,1,1.6306246187947908
10897,0,1.8472040187381773
465,1,1.629945611411756
445,1,1.629744895641699
10898,0,1.846947331311088
476,1,1.6290849063867574
1056,1,1.6268405309782146
10896,0,1.84617620663668
426,1,1.624830236869629
10907,0,1.8459034097828668
538,1,1.6238784708361964
1216,1,1.623632048196192
10909,0,1.845882853093358
356,1,1.6236013204634303
706,1,1.622686372725939
10915,0,1.8453150933768816
551,1,1.6218970789475484
10916,0,1.842949930430963
487,1,1.621897039648883
677,1,1.6215127991674918
10948,0,1.8365706787927325
474,1,1.6212008693806372
511,1,1.6195500204578872
10936,0,1.83636886023562
543,1,1.6192030581279522
10959,0,1.8353412940576632
546,1,1.6163060126517492
499,1,1.615040679972561
10967,0,1.8349008785801133
480,1,1.6118851361400033
627,1,1.611794361449025
10947,0,1.8333988593024904
602,1,1.6114468572078406
10957,0,1.833250747829477
605,1,1.610878506251546
596,1,1.6099234519167531
10977,0,1.832407111311905
639,1,1.6086242456559088
859,1,1.6067169491194089
10960,0,1.8313817249993491
364,1,1.6065148025830205
10971,0,1.8313628405477047
670,1,1.605396951370668
620,1,1.605121170042607
10987,0,1.8303913314699116
848,1,1.6049556907887093
868,1,1.6046799398246594
10993,0,1.830097063159504
586,1,1.6044788062511968
11002,0,1.829658149769156
598,1,1.6040384222329085
1269,1,1.6027491050788605
10978,0,1.8288317530049232
852,1,1.6021507626038796
1504,1,1.6015023004098858
10642,0,1.8271154665980005
669,1,1.600886140257401
11025,0,1.8254225376787865
657,1,1.599895509739076
681,1,1.599767138485972
11045,0,1.8250755124303284
632,1,1.5996030445185307
622,1,1.5994192810891064
10894,0,1.8250542594593613
642,1,1.597530050805449
11052,0,1.823350776509508
717,1,1.5969978937168148
711,1,1.595753216024621
11043,0,1.8231672865431847
736,1,1.5953853920828154
682,1,1.5952203429543728
11038,0,1.822341848859655
646,1,1.5939735680154576
11046,0,1.8193159885165848
769,1,1.5927094617698714
691,1,1.592343141010517
11058,0,1.8185658641454483
834,1,1.58783213503148
789,1,1.586565834336935
10944,0,1.8169880043293865
811,1,1.5856493328205197
11088,0,1.8165309392430653
1354,1,1.5852205791756162
718,1,1.5846772021388962
10700,0,1.813566383649429
721,1,1.5843479989489415
808,1,1.583744733806859
11110,0,1.8088285762590508
784,1,1.5835786576642397
11115,0,1.80651999873459
839,1,1.583413714672687
813,1,1.5825143181379109
11123,0,1.806151731179021
742,1,1.5809376543914389
1097,1,1.580350504324984
11122,0,1.8054542475791413
752,1,1.579763582140109
11140,0,1.8051453629945584
864,1,1.5795821440116404
836,1,1.5793432471837936
11125,0,1.8046854267763317
856,1,1.5771062617204583
849,1,1.5769224796861288
10735,0,1.803336582520724
745,1,1.5767399370414026
11041,0,1.8018436595001548
786,1,1.5766303469275047
1633,1,1.575925243137684
11164,0,1.801568443601554
846,1,1.574778732906129
757,1,1.5736406776276428
11160,0,1.8010370636838542
917,1,1.5734755358506178
11061,0,1.8010200956644131
817,1,1.572852555203735
955,1,1.572687274735309
11158,0,1.7988374074297466
829,1,1.5724478821406775
898,1,1.5711457031646905
11017,0,1.7984874981950258
862,1,1.5704517166815473
11018,0,1.798340920268476
893,1,1.5701217284812543
891,1,1.569938040824709
11169,0,1.7978288200812185
992,1,1.5690576259438132
916,1,1.5681417039081091
11079,0,1.7957379217926013
870,1,1.5681032544021702
11185,0,1.7954283268753084
990,1,1.567517469922017
867,1,1.56747970712893
11201,0,1.794913786315551
918,1,1.566508748897039
838,1,1.5658486495855055
11072,0,1.7946027752154847
686,1,1.5653345233707507
977,1,1.56498784015282
11049,0,1.793886214488691
1149,1,1.56457471129301
11211,0,1.7935566362523998
1014,1,1.562841680438234
1027,1,1.5625660141817164
11092,0,1.7923269988496355
938,1,1.5619068110323635
1016,1,1.5607514076731483
11098,0,1.7922720670611365
1067,1,1.5605146306166309
11221,0,1.7920731600298456
479,1,1.5599249238382291
997,1,1.559835901711648
11238,0,1.7914673225680169
965,1,1.5591019271611508
796,1,1.559045576999378
11227,0,1.790347908642086
971,1,1.558515825999529
11260,0,1.7894503898748
1033,1,1.5577623521377115
896,1,1.557743401943093
11108,0,1.789412386173124
1032,1,1.5573410001971226
1003,1,1.5570475798155765
11093,0,1.788789171361805
927,1,1.5568818046756168
10903,0,1.788532980898396
830,1,1.5561491985358713
1012,1,1.5557462133894873
11230,0,1.7865156838226983
967,1,1.5551052798321026
1124,1,1.5548657355900684
11019,0,1.786386931240402
1141,1,1.554719632736543
11095,0,1.7859479538362812
676,1,1.554627700742334
1145,1,1.5542991326445166
11263,0,1.7849038678063014
1082,1,1.553382013443973
986,1,1.5527206225898156
11080,0,1.7838577214651108
1047,1,1.5520972493869396
11103,0,1.781748250391365
956,1,1.5509056482403627
1095,1,1.550391832596873
11273,0,1.781217413378518
1122,1,1.5502635961154685
1092,1,1.5496952855530888
11306,0,1.780687068314399
1065,1,1.5495133291332288
11291,0,1.7805761069652966
1155,1,1.549402335229615
1211,1,1.5484130040933182
11300,0,1.7801918962139645
1134,1,1.5472935637230771
2073,1,1.547104530119775
11301,0,1.779806896532592
1123,1,1.5468353626612374
11290,0,1.779237115342272
1106,1,1.5455891700274864
1174,1,1.5440853426450492
11302,0,1.7788347018371962
1179,1,1.543792670799628
2308,1,1.5437310335882737
11167,0,1.777934513547928
1109,1,1.543646295578252
11325,0,1.7774411276616513
1232,1,1.542894668024664
875,1,1.5426007226075722
10701,0,1.7769341751986223
749,1,1.542032852834504
1210,1,1.5416653108291545
11147,0,1.7753869948820025
1170,1,1.5416647728376067
11339,0,1.7751114779807424
1287,1,1.5403833207017914
1125,1,1.5397579821994407
11357,0,1.7745069763751546
1200,1,1.5396119590384958
1195,1,1.539373505824412
11338,0,1.7741404933045422
1127,1,1.5393732559811688
11342,0,1.773389001617903
995,1,1.5390989856749635
1302,1,1.5388058040115062
11146,0,1.773315650882178
1115,1,1.53816435216273
1196,1,1.5381083343612327
11179,0,1.7721967788674966
1264,1,1.537869602669096
11375,0,1.7715917095403024
1142,1,1.5376681845073792
899,1,1.5373007041526483
11377,0,1.7699967879609677
897,1,1.5371721184352647
1176,1,1.536953649174131
11370,0,1.769904670669594
939,1,1.5343494439648104
11398,0,1.7698141223036474
946,1,1.5333415068549214
1333,1,1.5332130822519
11374,0,1.7695927651365495
1915,1,1.532840481180194
1063,1,1.530335287339024
11247,0,1.7694293578819604
1357,1,1.530333683668586
11395,0,1.7690795604330345
1299,1,1.529070400002801
1242,1,1.5274741071882616
11180,0,1.7683647331334256
1219,1,1.5272728670166116
1286,1,1.5272372228996045
10877,0,1.76769414945393
1113,1,1.527071480314156
11397,0,1.766953513794194
1237,1,1.526941709191038
1245,1,1.526851169759745
11257,0,1.7662193887931892
1293,1,1.526465900534974
951,1,1.5260434362387232
11449,0,1.7657624713329234
750,1,1.5259716229691638
11442,0,1.7655600025371716
1084,1,1.52588023232326
1223,1,1.525201375390732
11243,0,1.7653204448068298
1276,1,1.525109598400684
2083,1,1.5250484974516745
11438,0,1.7646247917347258
1266,1,1.5250357467815772
11284,0,1.7645343713963246
936,1,1.5238802355562704
1098,1,1.5238247153524047
11236,0,1.761783635398523
1510,1,1.523734996944366
1344,1,1.5232036713701864
11536,0,1.757676130666762
1010,1,1.522633503835722
11508,0,1.756960695251632
1321,1,1.5216443220546818
1409,1,1.5190219325948766
11334,0,1.756649298441373
1543,1,1.5188565095153477
1518,1,1.518802362737187
11525,0,1.7563737865550644
1465,1,1.5187658274729516
11556,0,1.7560807693933662
1484,1,1.518655036274512
1393,1,1.518619895865339
11526,0,1.755896217033902
1291,1,1.517994426510991
1372,1,1.5158695001688625
11353,0,1.754613637857221
1370,1,1.5157043831069454
11566,0,1.75421006539072
1248,1,1.5142375328733046
1473,1,1.5140727274779031
11568,0,1.7530181986204465
1459,1,1.5140533679532346
1547,1,1.5128616437940643
11579,0,1.7525619561139272
1597,1,1.5126958046403318
11599,0,1.750637244024522
1171,1,1.5125857888836245
1172,1,1.5125307813222468
11589,0,1.7504520099671572
1493,1,1.510771851116955
1282,1,1.5105890714833414
11404,0,1.75006854994245
1306,1,1.50942417464934
11584,0,1.7498459708954046
1567,1,1.509159067085201
799,1,1.5091016382175282
11321,0,1.7494798853957354
2714,1,1.5086753844762515
1678,1,1.5082427710984112
11391,0,1.7489663078363833
1492,1,1.5063531258357998
11351,0,1.7486180146651584
1305,1,1.506171000360527
1135,1,1.5054720207836474
11592,0,1.747738799773555
1640,1,1.504831781317221
1317,1,1.50473896774439
11613,0,1.7476476415628843
1075,1,1.5045007458702893
11281,0,1.7470060481982546
1522,1,1.5044278982794548
1363,1,1.5037500891565094
11373,0,1.746839607039202
1296,1,1.5016215331164455
1281,1,1.4998733376853028
11651,0,1.7468236065738203
1579,1,1.499422223907817
11604,0,1.746014547860413
1614,1,1.4991117614631535
1797,1,1.4983423207857154
11416,0,1.744328448471898
1376,1,1.4981197608048735
1610,1,1.497717488815651
11348,0,1.7421470500506533
1664,1,1.4964712814966965
11669,0,1.740992145282674
1349,1,1.4964166715062626
1320,1,1.4953155951057746
11655,0,1.7405324735928935
1323,1,1.4952605560851358
1692,1,1.494288609042483
11660,0,1.7400008645257097
1474,1,1.4942342488952922
11741,0,1.7393968823067638
383,1,1.494212900380283
1024,1,1.494106098318316
11367,0,1.7390304397317125
1656,1,1.4888612295745751
1549,1,1.488623189610243
11696,0,1.7379298479728549
1325,1,1.4880183005652614
11771,0,1.737619084525531
1767,1,1.4876873943121325
2812,1,1.4875528224392571
11557,0,1.735857017666282
1889,1,1.4873044514835674
1703,1,1.486809720172444
11549,0,1.7347955121636944
1845,1,1.4867358045395649
11748,0,1.73422614987203
1581,1,1.4838931500358614
1611,1,1.4837655233991809
11413,0,1.7332906156439627
1955,1,1.4829577432723955
1643,1,1.482628592337108
11744,0,1.7329421972696444
1966,1,1.4823348373031404
11552,0,1.7327036429336224
1590,1,1.4821687190374035
989,1,1.4816187207530538
11581,0,1.7322471494886105
2462,1,1.4812703518799584
2482,1,1.4804463758897155
11244,0,1.732079454458043
1883,1,1.4799520550038925
11776,0,1.7319907737280371
1353,1,1.479950095814619
1864,1,1.4797865386418292
11832,0,1.7296801382555194
1593,1,1.4796566417833117
2260,1,1.4792464598282868
11570,0,1.7293491892453217
1627,1,1.4791256554152072
11591,0,1.7289085632231944
1163,1,1.479052808387317
1863,1,1.4774023210936034
11821,0,1.7278459116135374
1688,1,1.477090761972086
1712,1,1.4759715181968172
11593,0,1.725426016759842
1661,1,1.4757526625915394
11626,0,1.7245811702230742
2031,1,1.4751842189866626
1898,1,1.474523890525646
11670,0,1.722492384859987
2060,1,1.4743957562614292
1909,1,1.473663351731609
11906,0,1.7222533510699405
1583,1,1.4730207391922054
11647,0,1.72146604338643
1987,1,1.47221537983941
2020,1,1.4718119797140716
11659,0,1.7213362290449448
1444,1,1.4707656868420755
2114,1,1.4700865660150528
11656,0,1.7206394399973215
1775,1,1.470050266010503
11692,0,1.7204385401269962
1284,1,1.4698666149298174
2077,1,1.469464749978498
11706,0,1.7203483370773267
2115,1,1.468968245941524
1520,1,1.4685466660483475
11663,0,1.7202179404306774
1705,1,1.467465866764066
11677,0,1.7199626832376136
2208,1,1.4666235088331163
1874,1,1.465815675919359
11608,0,1.7197594305267736
1606,1,1.4653205599932932
1625,1,1.464952534441563
11698,0,1.7194308450209463
1570,1,1.464935798396058
11506,0,1.719411268207546
1699,1,1.4645874451307626
2039,1,1.4643313467529917
11702,0,1.7190638690080011
2195,1,1.4628822130749162
2263,1,1.4628816700684173
11920,0,1.718843185597754
1927,1,1.4622035167244452
11936,0,1.7186242492046455
2225,1,1.46200163305831
2122,1,1.4619832247749396
11975,0,1.718439503074661
2120,1,1.4615428496913052
2194,1,1.4613973695368592
11597,0,1.7169188632398886
2803,1,1.4613955907008074
11974,0,1.7162023474606638
2151,1,1.461341402894779
2100,1,1.460242375507694
11728,0,1.7160935631525098
1373,1,1.4601140469406513
1903,1,1.4585727387015843
11622,0,1.7156710780608533
2314,1,1.4585372400201322
11574,0,1.714993232463695
1975,1,1.458004212579675
1267,1,1.4575271954609632
11767,0,1.7144438799353383
2181,1,1.4569775189440408
2920,1,1.456171687342673
11727,0,1.7137648371733405
2580,1,1.4556765084980845
11757,0,1.713399062244937
1921,1,1.45485060477783
1861,1,1.4545386009472996
11779,0,1.7129205504171294
2022,1,1.4545040860616585
2280,1,1.4541925011297832
11688,0,1.7129027923723987
2209,1,1.454027075225802
11707,0,1.7118928691676294
2419,1,1.4539535402881634
1976,1,1.4530733224635377
11214,0,1.7118286384169024
1917,1,1.4529998347656137
1961,1,1.4527054316835066
11607,0,1.7117107604664146
1914,1,1.4520285766263128
11724,0,1.709290588863868
2404,1,1.4519745427291957
2248,1,1.4505984649960333
12011,0,1.7085930569290235
2016,1,1.4504696029910968
1558,1,1.4501759349568073
11823,0,1.7083006518025488
1901,1,1.4500840299392137
2142,1,1.4495722986880903
11747,0,1.7082271730392786
2038,1,1.4485080231755345
11799,0,1.7081184033146823
2441,1,1.447372299942158
1888,1,1.447261212857656
12125,0,1.70723851064488
2398,1,1.4471522471720395
1832,1,1.4469864978424372
12052,0,1.7066696492365976
2713,1,1.44696797501983
12073,0,1.7063758746041204
2080,1,1.4466200844345014
2057,1,1.4464900999423531
11545,0,1.7053682389581892
1406,1,1.4457556329108217
1902,1,1.4454268829032362
11842,0,1.705185345880588
2131,1,1.445134245341528
11774,0,1.704836914017962
1877,1,1.444584166167702
2421,1,1.4442902624124294
11876,0,1.7047456878738172
1847,1,1.4435205358788332
1964,1,1.4433548797301188
11826,0,1.704323301079646
1511,1,1.4426754545436782
11839,0,1.7039193854873684
2143,1,1.4423300117089544
2526,1,1.4416131163297397
11880,0,1.7034957335948837
2578,1,1.4415219266598076
2527,1,1.4410809917956162
12099,0,1.7028754746230033
2037,1,1.44000032272938
12143,0,1.7026354160092796
2069,1,1.4397977820804515
2492,1,1.4396883059428474
11535,0,1.7024700367110617
2270,1,1.4394681381011862
1895,1,1.439393970895862
11887,0,1.7023236788976956
2251,1,1.4390115148994267
11458,0,1.7020844951184402
2067,1,1.4388265554004125
2659,1,1.438423510159957
11829,0,1.7018485126408665
2118,1,1.4382025280391957
2290,1,1.4381659955994124
11904,0,1.7016622869482885
2086,1,1.4377440535142547
11888,0,1.7015536166164282
1498,1,1.4374325831216177
1689,1,1.437029499677747
11937,0,1.7012252691947385
2676,1,1.4363713465994847
2603,1,1.435326053836059
11756,0,1.6993913317963103
2279,1,1.43435450655485
11795,0,1.6986019453693375
2605,1,1.434317085792291
2365,1,1.4340060421377132
11871,0,1.698584190149059
2030,1,1.432886074541427
2267,1,1.4328310068859786
11487,0,1.69817992468685
2150,1,1.4324457702157187
11922,0,1.6978856609300963
2299,1,1.4319697863940404
1545,1,1.4316200416610787
11959,0,1.6972825266400116
2169,1,1.4315304658641428
2075,1,1.431438479424767
11848,0,1.6964559558054146
1720,1,1.4298604140790787
11940,0,1.6958898722465043
2386,1,1.4296779320607291
2156,1,1.4290728492452274
12206,0,1.6946980790586097
2445,1,1.4286153995439643
2703,1,1.4282842849367583
11441,0,1.6927888749535516
2231,1,1.4282657755314505
11849,0,1.692715964444194
2112,1,1.4278452990592816
2685,1,1.4269454409397886
11967,0,1.692313716074829
2439,1,1.426488079967406
2213,1,1.425002677744042
11818,0,1.6918731090172583
2515,1,1.4245264597579284
11988,0,1.6909738136044203
2455,1,1.424525069917818
1766,1,1.4236806231424943
11991,0,1.6903143448313702
1490,1,1.4232594306887123
2423,1,1.423132814824457
11813,0,1.6900940157736997
1854,1,1.422784682235289
11989,0,1.6900936732818748
2613,1,1.4227477068156946
2468,1,1.4220506178606611
12049,0,1.6899484036720067
2189,1,1.420436365391467
1928,1,1.420400028912704
12278,0,1.688976699728443
2800,1,1.420326296918795
12003,0,1.6889404311831542
2357,1,1.4202732018699191
2854,1,1.419667334678031
12256,0,1.6888487642496983
2617,1,1.4195377909751947
1635,1,1.4192264614644583
12288,0,1.688023349090776
2467,1,1.4182551034711235
11973,0,1.6876189566962712
2512,1,1.41803614847311
2287,1,1.4169159781716498
11950,0,1.6875465757051054
2413,1,1.4167703317862432
2631,1,1.416715596592716
11944,0,1.6860432430958483
1401,1,1.4163829461775386
11998,0,1.6860057290507546
2333,1,1.4159634607776403
2570,1,1.4159079495084284
11866,0,1.6857858032129325
2591,1,1.415688371811335
2889,1,1.4154498495685266
11947,0,1.6853456465132792
2465,1,1.4154134866454535
12016,0,1.684832750651827
2420,1,1.415174989117753
2608,1,1.415011247210742
11924,0,1.6840986020309652
2480,1,1.4150107996772772
2002,1,1.4142580737176331
11962,0,1.683587280109892
2545,1,1.4139653042086775
11882,0,1.683420074735907
2912,1,1.413946090119564
2935,1,1.4138381368645676
11987,0,1.6833104166885342
2284,1,1.4135605024841231
2045,1,1.4134344784226305
12036,0,1.6829072181731195
2061,1,1.4134327343315891
12024,0,1.6825966888902315
2349,1,1.4131955164857608
2618,1,1.4129922930436818
11966,0,1.6821940383962688
2347,1,1.4129570947309382
1697,1,1.4124428820794486
12157,0,1.682083796948482
2431,1,1.4124257630465569
12116,0,1.6804133386578195
2649,1,1.412277345555932
2400,1,1.412077640025995
12063,0,1.6801195690402946
2501,1,1.4118017671446013
2562,1,1.4117474766600877
11997,0,1.679020613506386
2682,1,1.411031304467938
12053,0,1.6777190089961598
2727,1,1.4107030475043305
2597,1,1.4105916700810242
12089,0,1.6776642473583232
2555,1,1.4100784929170682
1958,1,1.4100585454383312
11788,0,1.6757744831044663
2348,1,1.4095829008227283
12117,0,1.6753531682720426
2565,1,1.4094012739386912
2869,1,1.409162993699722
11598,0,1.6751891326694703
1894,1,1.4087930965923496
2514,1,1.4086855965197218
12138,0,1.6743440025380525
2721,1,1.4086492746245167
12203,0,1.673961647029603
2806,1,1.4084279252968224
2698,1,1.4080429620896635
12145,0,1.6736665415558365
2416,1,1.4079696860315671
2407,1,1.407803475117248
12166,0,1.6732078289467585
2853,1,1.4076953219815296
12216,0,1.6731158099528711
2533,1,1.407034375836385
2055,1,1.4070150331874205
12096,0,1.672988655564763
2675,1,1.406355973283122
2673,1,1.40624710526104
12128,0,1.6724398560728089
2554,1,1.4062099158384638
12084,0,1.6724015767175329
2746,1,1.405292906694512
2132,1,1.4045598816561116
12285,0,1.6710461421106133
2775,1,1.404522436178445
2506,1,1.4034965040349374
11448,0,1.6709894982532782
2599,1,1.4033131252204556
12189,0,1.669431234387828
2831,1,1.4032225128407363
2846,1,1.403000823211717
12240,0,1.6674345849210197
2799,1,1.402688653150226
2838,1,1.4020656124092712
11913,0,1.6672862257952636
2953,1,1.4020480991928317
12058,0,1.6669932704568375
2185,1,1.401605855378006
2918,1,1.4012220702694838
12215,0,1.6665710065736148
1603,1,1.4011666954301656
2709,1,1.401039643791551
12197,0,1.6661862045824647
2844,1,1.401039136164015
12292,0,1.664849964364503
1988,1,1.4008565171124585
1821,1,1.4001957450376783
12169,0,1.6647006754268052
2922,1,1.399333961377788
2644,1,1.3989843963640944
11354,0,1.6644692050183794
2091,1,1.3985815021370898
12162,0,1.6631260056146175
2668,1,1.398527427846058
2814,1,1.3981969910170502
11577,0,1.662556239570799
2327,1,1.3981231376687415
2216,1,1.3979758387456265
12114,0,1.6625557808105338
2691,1,1.3968217150682831
12147,0,1.6622622167226346
2848,1,1.3955571612892317
2963,1,1.3949332193711452
12226,0,1.6622441565799937
1743,1,1.3948036643705006
2770,1,1.3937595564498657
12281,0,1.6620796218232414
2204,1,1.3932839044561562
12133,0,1.6614939299916691
2339,1,1.391541686778158
2847,1,1.3909000142532542
12230,0,1.6603743762790877
2901,1,1.3865738498772358
2893,1,1.385895021579517
12191,0,1.6603548780630175
2868,1,1.3858224615030346
12282,0,1.6591459820839825
2463,1,1.385417557561292
2841,1,1.382923196862766
12306,0,1.6590182925287786
1925,1,1.3824650238017833
1937,1,1.3818048919357389
12320,0,1.6574219003215032
2438,1,1.3813478661480831
12257,0,1.6564328437435565
2572,1,1.3807956009986548
2671,1,1.3798998391767656
11971,0,1.655422918809585
2278,1,1.379477920711466
2624,1,1.37879934116174
12287,0,1.6543610068014
2666,1,1.377625910214396
12246,0,1.6534615473481007
2637,1,1.3769108426401502
2010,1,1.376635162895325
12286,0,1.652307749388526
2324,1,1.3737581467809394
2771,1,1.3726015933949534
12311,0,1.64847593672364
2759,1,1.3721997986692551
12242,0,1.642683239890698
2497,1,1.3715743883137277
2483,1,1.3704204920566665
12167,0,1.6425341968765417
2804,1,1.3701997014142795
2777,1,1.3701263209484953
12247,0,1.6372899974376436
2326,1,1.3689703335549137
11654,0,1.6356655290486355
2857,1,1.3688252319052086
2833,1,1.366257442867231
12223,0,1.6318636803628768
2163,1,1.3660563908171968
2706,1,1.3657633882390563
11840,0,1.6315340150558992
2672,1,1.3649934607294878
11691,0,1.6268285850186115
2884,1,1.3641856373843355
2954,1,1.3622978373347037
11862,0,1.624492726244575
2744,1,1.3621881686234756
2779,1,1.3621880653110374
11853,0,1.6205135241984916
2229,1,1.3621507393875605
12323,0,1.6159674592320636
2849,1,1.3613624839211549
2556,1,1.360795232927464
12044,0,1.615728690431762
2765,1,1.360206745275566
2924,1,1.3589604886280426
11703,0,1.6098258605800695
2741,1,1.355202022145228
12040,0,1.6046353345755096
2926,1,1.3550554116641664
2840,1,1.3550543453513235
11992,0,1.6000889562133642
2910,1,1.354943997766647
2028,1,1.3535695966523489
12212,0,1.5956882298855293
2762,1,1.3520313594259106
12201,0,1.5891995150656972
2960,1,1.348822504883301
2967,1,1.3488222943387227
12094,0,1.5856504553077309
2944,1,1.3459605605176057
2782,1,1.3437065705606168
12243,0,1.5796655085249491
2557,1,1.3432849648570828
12322,0,1.5537937893927438
2863,1,1.3410117243367672
2899,1,1.337124988818036
12066,0,1.5515389172231804
2660,1,1.3347218210751914
2472,1,1.3299736516954923
12035,0,1.5201858970746884
2883,1,1.326874390091233
12259,0,1.5148152041501772
2149,1,1.3172298888010514
2974,1,1.3169378667329712
12104,0,1.5134933854422663
2945,1,1.3019389402349124
2894,1,1.2967877424904624
2811,1,1.2777377355677384
2931,1,1.2764903407541954
